1. What is your age?,2. Gender,3. Relationship Status,4. Occupation Status,6. Do you use social media?,8. What is the average time you spend on social media every day?,9. How often do you find yourself using Social media without a specific purpose?,10. How often do you get distracted by Social media when you are busy doing something?,11. Do you feel restless if you haven't used Social media in a while?,"12. On a scale of 1 to 5, how easily distracted are you?","13. On a scale of 1 to 5, how much are you bothered by worries?",14. Do you find it difficult to concentrate on things?,"15. On a scale of 1-5, how often do you compare yourself to other successful people through the use of social media?","16. Following the previous question, how do you feel about these comparisons, generally speaking?",17. How often do you look to seek validation from features of social media?,18. How often do you feel depressed or down?,"19. On a scale of 1 to 5, how frequently does your interest in daily activities fluctuate?","20. On a scale of 1 to 5, how often do you face issues regarding sleep?",youtube,facebook,discord,reddit,instagram,tiktok,snapchat,pinterest,twitter,School,Company,Private,University,Government
21,0,1,3,1,2.5,5,3,2,5,2,5,2,3,2,5,4,5,1,1,1,1,1,0,0,0,1,0,0,1,1,0
21,1,3,3,1,5.5,4,3,2,4,5,4,5,1,1,5,4,5,1,1,1,1,1,0,0,0,1,0,0,1,1,0
21,1,3,3,1,3.5,3,2,1,2,5,4,3,3,1,4,2,5,1,1,0,0,1,0,0,1,0,0,0,1,1,0
21,1,3,3,1,5.5,4,2,1,3,5,3,5,1,2,4,3,2,0,1,0,0,1,0,0,0,0,0,0,1,1,0
21,1,3,3,1,2.5,3,5,4,4,5,5,3,3,3,4,4,1,1,1,0,0,1,0,0,0,0,0,0,1,1,0
22,1,3,3,1,2.5,4,4,2,3,4,3,4,4,3,3,2,4,1,1,1,0,1,1,0,1,1,0,0,1,1,0
21,1,2,3,1,3.5,4,3,2,2,4,3,5,3,4,5,5,3,1,1,0,0,1,1,1,0,0,0,0,1,1,0
21,1,1,3,1,5.5,5,2,3,3,3,1,1,3,1,5,5,1,1,1,0,0,1,0,0,0,0,0,0,1,1,0
21,1,1,3,1,5.5,5,2,3,3,1,1,1,3,1,5,5,1,1,1,0,0,1,0,0,0,0,0,0,1,1,0
20,0,3,3,0,0.5,1,1,1,1,1,1,1,1,1,1,1,1,0,0,0,1,0,0,0,1,0,0,0,1,1,0
24,0,3,3,1,2.5,5,5,2,4,3,5,4,2,3,5,4,5,1,1,1,0,1,0,0,0,0,0,0,1,1,0
21,1,3,3,1,3.5,4,4,2,5,3,4,2,2,3,3,4,2,1,1,1,1,1,1,1,1,0,0,0,1,1,0
22,1,3,3,1,3.5,3,4,2,4,4,2,4,2,1,3,1,5,1,1,1,1,1,0,1,1,1,0,0,1,1,0
21,1,3,3,1,3.5,5,3,2,1,4,4,2,3,2,3,3,3,1,1,0,1,1,0,1,1,1,0,0,1,1,0
22,0,3,3,1,5.5,5,5,5,5,5,5,5,5,5,5,5,5,1,1,0,0,0,0,0,1,0,0,0,1,1,0
23,0,1,3,1,1.5,3,4,2,3,4,4,3,2,2,3,4,2,1,1,0,1,1,0,0,0,0,0,0,0,1,0
21,0,3,3,1,0.5,2,2,1,2,4,2,1,3,1,4,1,3,1,1,1,0,0,0,0,0,0,0,0,1,1,0
25,0,3,2,1,4.5,5,5,4,4,3,3,1,4,2,2,2,2,1,1,0,1,1,0,0,0,0,0,0,1,1,0
28,0,3,3,1,1.5,3,4,2,4,5,5,2,3,1,3,3,1,1,1,1,1,0,0,0,0,0,0,0,1,1,0
34,0,0,1,1,1.5,2,4,3,3,4,1,1,5,3,2,2,2,1,1,0,0,1,0,0,0,1,0,0,0,1,0
22,0,1,3,1,2.5,4,2,2,3,3,2,2,2,1,2,3,2,1,1,1,1,1,0,0,0,0,0,1,1,1,0
23,0,3,3,1,5.5,3,2,4,2,4,2,5,2,1,3,3,1,1,1,1,1,1,1,0,0,1,0,0,1,1,0
26,1,3,3,1,3.5,3,4,3,3,4,4,4,3,3,4,4,4,1,1,0,0,1,0,0,1,0,0,0,1,1,0
23,1,2,3,1,1.5,3,2,2,4,4,3,3,2,3,4,4,1,1,1,0,0,1,0,1,1,0,0,0,1,1,0
23,0,3,3,1,3.5,3,3,5,5,5,5,4,1,3,3,5,5,1,1,1,0,0,0,0,0,1,0,0,1,1,0
35,1,2,1,1,3.5,4,4,3,3,3,3,4,4,4,4,2,2,1,1,0,0,0,0,0,0,0,0,1,1,1,0
20,0,3,3,1,3.5,4,4,3,3,3,4,2,3,3,4,3,4,1,1,1,0,1,0,0,0,0,0,0,1,1,0
35,0,2,1,1,2.5,2,4,4,4,4,4,4,4,4,4,4,5,1,1,0,0,1,0,0,0,1,1,0,0,0,0
22,1,1,3,1,4.5,3,4,3,4,5,4,4,3,2,4,4,1,1,1,1,0,1,1,1,1,0,0,0,1,1,0
21,1,3,3,1,3.5,4,4,5,5,5,4,4,4,3,5,4,1,1,1,1,0,1,0,1,0,0,0,0,1,1,0
22,1,1,3,1,3.5,4,4,3,3,5,4,5,2,3,5,4,3,1,1,1,0,1,0,0,0,0,0,0,1,1,0
35,0,2,1,1,2.5,3,4,3,3,3,2,2,2,2,3,4,2,1,1,0,0,0,0,0,1,0,0,0,0,1,0
24,0,3,1,1,2.5,3,3,3,3,3,4,2,3,3,2,3,3,1,1,0,0,1,1,0,0,0,0,0,0,1,0
18,1,3,2,1,2.5,4,3,3,3,4,3,3,2,4,3,3,2,1,1,1,0,1,0,0,1,0,0,1,1,0,0
19,1,3,3,1,3.5,5,5,5,5,5,5,2,3,1,5,4,4,1,1,1,0,1,0,0,0,0,0,0,1,1,0
21,0,3,3,1,3.5,5,3,4,3,2,3,5,3,4,3,3,1,0,1,0,0,1,0,0,0,0,0,0,1,1,0
23,0,3,3,1,0.5,2,3,1,1,1,3,1,3,1,5,4,5,1,1,1,1,1,0,1,0,1,0,0,1,1,0
22,1,3,3,1,3.5,4,5,5,4,4,4,2,3,3,2,2,5,1,1,0,0,1,0,1,1,0,0,0,1,1,0
22,0,3,3,1,2.5,4,4,2,4,3,5,1,3,1,1,3,4,1,1,1,0,0,0,0,0,0,0,1,0,1,0
21,1,3,3,1,1.5,1,1,1,1,1,1,2,1,2,3,3,1,1,1,0,0,1,0,1,0,0,0,0,1,1,0
21,1,3,3,1,3.5,3,5,2,3,3,3,3,4,2,4,2,2,1,1,0,0,1,0,1,0,0,0,0,1,1,0
56,1,2,0,1,1.5,1,1,1,1,3,1,1,3,1,2,3,1,1,0,0,0,0,0,0,0,0,0,0,1,1,0
19,1,3,2,1,5.5,3,2,4,4,5,4,5,2,1,5,4,2,1,1,0,0,1,0,1,1,0,0,1,1,1,0
24,0,3,1,1,5.5,5,1,1,3,3,3,1,3,3,3,3,3,0,0,1,1,0,0,0,0,1,0,0,0,1,0
22,1,1,3,1,5.5,4,5,4,4,5,2,3,3,3,3,2,3,1,1,0,0,1,0,0,0,0,0,0,1,1,0
65,0,2,0,1,3.5,5,3,2,2,2,1,3,4,3,1,3,2,1,1,0,0,0,0,0,0,0,0,0,1,0,0
17,1,3,2,1,3.5,4,3,1,3,5,3,4,2,1,3,5,1,1,0,0,1,1,0,0,1,0,0,0,1,1,0
40,0,2,1,1,2.5,3,3,3,3,2,3,2,3,1,2,2,1,1,0,0,1,0,0,0,0,1,0,1,0,0,0
33,1,3,1,1,3.5,3,3,1,3,2,1,2,2,1,1,1,1,1,1,0,0,0,0,0,0,0,1,0,0,1,0
22,1,3,3,1,3.5,4,4,3,4,3,2,1,3,3,3,4,4,1,1,1,1,1,1,1,1,1,0,0,1,1,0
24,0,3,1,1,5.5,5,5,5,5,4,5,2,2,1,3,5,1,1,0,1,0,0,0,1,0,0,1,0,0,0,0
26,0,3,3,1,0.5,3,5,3,5,5,5,5,5,5,5,5,5,0,1,0,0,0,0,0,0,0,0,0,1,1,0
55,0,2,1,1,1.5,3,2,1,3,2,1,1,3,1,1,2,1,0,0,1,1,0,0,0,0,0,0,0,0,1,0
26,0,1,1,0,1.5,4,1,1,2,2,1,1,3,1,1,3,2,1,0,1,1,0,0,0,0,0,1,0,0,0,0
27,0,3,3,1,5.5,2,5,5,4,4,5,3,3,4,5,2,3,1,1,0,1,1,1,1,0,1,0,0,1,1,0
22,0,2,3,1,5.5,3,2,1,2,4,2,1,3,1,3,4,2,1,1,1,1,1,0,1,0,0,0,1,1,1,0
19,1,3,2,1,2.5,3,2,2,2,4,3,3,3,2,4,4,5,1,1,1,0,1,0,0,1,0,1,0,0,1,0
22,1,2,3,1,2.5,4,5,2,4,4,4,3,3,4,5,4,2,1,1,1,1,1,1,1,1,1,0,0,1,1,0
20,1,2,3,1,1.5,1,1,1,2,2,2,1,3,1,1,3,5,0,0,0,1,1,0,0,0,0,0,0,1,1,0
25,1,3,3,1,5.5,4,3,3,4,4,4,2,2,2,4,3,4,1,1,1,0,1,0,0,0,1,0,0,1,1,0
25,1,2,3,1,1.5,2,2,1,3,5,4,5,2,4,4,5,4,1,0,0,1,0,0,0,0,0,0,0,1,1,0
18,1,3,3,1,5.5,4,4,3,5,4,3,1,3,1,5,4,5,1,1,0,0,1,0,0,1,0,0,0,1,1,0
25,0,3,1,1,1.5,3,1,1,3,2,4,1,3,1,5,1,5,0,0,0,1,0,0,0,0,0,0,0,1,1,0
19,1,3,3,1,2.5,2,3,1,5,3,5,1,3,1,1,5,4,0,0,1,1,0,0,0,0,0,0,0,1,1,0
24,0,1,2,1,1.5,3,2,4,3,2,2,1,3,2,2,4,4,1,0,1,1,0,0,0,0,0,0,0,1,1,0
21,0,1,3,1,3.5,5,5,5,5,5,5,5,2,4,4,4,1,0,1,0,1,1,1,0,0,0,0,0,1,1,0
14,0,3,2,1,1.5,4,2,2,3,5,3,3,4,2,4,4,4,0,0,0,1,0,0,0,0,0,1,0,0,1,0
25,0,3,3,1,3.5,4,4,3,3,3,2,3,2,2,3,4,4,1,0,1,1,0,0,1,0,0,0,0,1,1,0
33,0,2,1,1,3.5,2,4,3,2,2,2,1,1,1,1,2,2,1,0,0,0,1,0,0,0,0,0,0,0,1,0
23,0,3,2,1,2.5,5,5,5,5,5,5,5,5,5,5,5,5,1,0,1,1,1,0,0,0,0,0,1,0,1,0
14,1,3,2,1,5.5,4,4,2,2,4,2,4,2,4,4,4,5,1,0,0,1,1,1,1,1,1,1,0,0,1,0
38,0,2,1,1,1.5,5,2,1,3,2,1,1,3,1,2,1,2,1,0,1,1,0,0,0,0,1,0,0,1,1,0
23,1,3,0,1,4.5,4,4,3,3,4,5,3,2,4,5,5,4,1,1,1,1,0,0,0,0,0,0,0,1,1,0
26,0,3,1,1,0.5,2,1,1,3,2,1,1,1,1,2,3,4,0,0,0,1,0,0,0,0,0,1,0,0,0,0
24,0,3,3,1,2.5,4,5,3,4,3,2,2,3,4,5,4,2,1,1,0,1,0,0,0,0,0,0,0,1,1,0
21,1,3,3,1,3.5,4,3,4,4,5,4,5,1,2,4,4,2,1,1,1,0,1,1,1,0,1,0,0,1,1,0
18,1,3,3,1,3.5,4,3,3,3,5,5,4,3,1,5,5,5,1,1,0,1,0,0,0,0,0,0,0,0,0,1
28,0,3,3,1,3.5,2,5,4,3,5,5,5,2,1,5,3,5,1,1,1,1,0,0,0,0,0,0,0,1,1,0
22,0,3,3,1,2.5,4,4,4,5,5,5,3,3,1,4,4,5,1,0,1,1,1,0,1,0,1,0,0,1,1,0
21,0,3,3,1,5.5,4,4,2,5,4,4,3,3,2,1,5,4,1,1,1,1,1,0,1,1,0,0,0,1,1,0
21,0,3,3,1,5.5,5,5,3,5,4,5,2,3,2,4,5,2,1,0,1,1,1,0,1,0,0,0,0,1,1,0
21,1,1,3,1,4.5,3,5,5,5,3,5,4,4,3,4,5,5,1,1,0,0,1,0,0,1,0,0,1,0,1,1
17,0,3,2,1,2.5,4,4,3,4,5,4,3,2,4,2,4,2,1,1,0,1,1,0,0,0,1,1,0,0,1,0
22,1,1,3,1,1.5,3,4,3,4,1,3,1,2,2,2,4,4,1,1,0,0,0,0,0,0,0,0,0,1,1,0
32,1,2,1,1,1.5,4,3,2,5,2,5,2,4,1,1,2,1,0,0,0,1,0,0,0,0,0,1,0,0,0,0
22,0,3,3,1,2.5,5,4,2,2,1,3,1,3,5,3,2,2,1,1,0,0,0,0,0,0,0,0,0,1,1,0
20,1,1,3,1,2.5,4,5,4,5,5,5,4,2,4,5,5,4,1,1,0,0,1,0,1,1,0,0,0,1,1,0
22,0,1,3,1,2.5,3,5,2,4,4,4,2,3,2,4,4,3,1,1,0,0,1,0,1,0,0,0,0,1,1,0
28,1,3,3,1,3.5,4,5,4,5,5,5,2,3,2,4,5,2,1,1,0,0,0,0,0,0,0,0,0,1,1,0
22,1,3,3,1,5.5,4,3,3,4,5,4,1,3,2,4,2,1,1,1,0,0,1,0,1,0,1,0,0,1,1,0
30,1,3,1,1,4.5,4,5,3,2,4,4,3,3,3,4,4,4,0,0,0,0,1,0,0,0,0,0,0,1,1,0
22,0,3,3,1,5.5,5,5,1,3,2,5,2,1,1,3,1,5,1,1,1,0,1,0,1,0,0,0,0,1,1,0
14,0,3,2,1,4.5,5,5,2,4,2,3,1,3,1,1,3,5,1,0,1,0,1,0,0,0,0,1,0,0,1,0
20,0,3,2,1,5.5,4,2,1,2,1,1,2,2,1,4,3,2,1,0,0,1,0,0,0,0,0,0,0,1,1,0
22,1,3,2,1,5.5,4,4,4,4,4,5,5,3,4,5,5,3,1,1,0,0,1,0,0,1,0,0,0,1,1,0
16,0,3,2,1,4.5,4,5,2,5,3,4,3,1,4,2,1,3,1,1,1,0,1,1,1,0,0,1,0,0,1,0
22,1,1,3,1,2.5,3,4,3,4,4,3,2,2,3,3,2,3,1,1,0,0,1,0,0,0,1,0,1,0,1,0
22,0,1,3,1,1.5,5,4,3,4,4,2,1,1,1,5,3,5,1,1,1,1,1,0,1,1,1,0,0,1,1,0
22,0,3,3,1,3.5,3,4,3,3,4,3,2,3,3,4,3,3,0,0,0,0,1,0,0,0,0,0,0,1,1,0
22,0,3,3,1,1.5,4,3,4,3,5,5,3,3,4,3,5,5,1,1,0,0,1,0,1,1,1,0,0,1,1,0
21,1,3,3,1,4.5,2,3,4,3,3,3,3,4,4,1,3,3,1,1,0,0,1,0,1,1,0,0,0,1,1,0
23,1,3,3,1,4.5,2,3,4,3,3,3,3,4,3,2,4,5,1,1,0,0,0,0,0,0,0,0,0,1,1,0
23,1,3,3,1,2.5,3,2,2,4,2,2,1,3,3,3,4,5,0,1,0,0,1,1,0,0,0,0,0,1,1,0
48,1,2,1,1,1.5,1,1,1,1,3,2,1,3,2,1,1,1,1,1,0,0,0,0,0,0,0,1,0,0,1,0
21,1,1,3,1,3.5,3,2,1,3,2,3,2,1,3,2,2,5,1,1,0,0,1,0,1,0,0,0,0,1,1,0
47,1,2,1,1,2.5,4,3,3,3,2,2,2,3,3,3,3,3,1,1,0,0,1,0,0,1,0,0,0,1,0,0
48,0,2,1,1,2.5,3,3,4,4,4,4,4,3,3,2,3,3,1,1,0,0,1,0,0,0,0,0,0,0,1,0
26,1,3,1,1,5.5,4,5,4,4,5,3,5,4,3,4,2,3,1,1,0,0,1,0,0,1,0,0,0,0,1,0
47,0,2,1,1,2.5,4,3,4,4,3,3,2,3,1,2,2,4,1,1,0,0,0,0,0,0,0,1,0,0,0,0
47,0,2,1,1,1.5,2,4,3,3,3,3,3,3,2,2,3,4,0,1,0,0,1,0,1,0,0,1,1,1,1,0
27,1,3,1,1,5.5,2,5,4,4,3,2,5,1,4,4,4,1,1,1,0,0,1,0,1,0,0,1,0,0,1,0
34,1,2,1,1,5.5,5,5,4,5,3,1,3,3,3,2,5,4,0,1,0,0,0,0,0,0,0,1,0,0,1,0
20,1,3,3,1,2.5,5,5,5,5,5,5,3,1,1,3,3,5,0,1,0,0,1,0,0,0,0,0,0,1,1,0
22,1,3,3,1,5.5,5,4,5,4,5,4,3,3,4,3,3,4,0,1,0,0,0,0,0,0,0,0,0,1,1,0
23,1,1,3,1,5.5,5,5,5,5,5,4,5,5,4,5,4,5,1,1,1,0,1,1,1,0,0,0,0,1,1,0
20,0,3,3,1,4.5,4,5,3,4,3,5,2,3,3,4,4,5,1,1,0,0,1,0,0,0,0,0,0,1,1,0
48,1,2,1,1,0.5,2,4,1,3,2,1,1,3,2,1,1,1,0,1,0,0,1,0,0,0,0,0,0,0,1,0
20,1,3,3,1,3.5,4,3,1,2,4,2,4,2,1,3,3,3,1,1,0,0,1,1,0,0,0,0,0,1,1,0
20,1,3,3,1,4.5,4,5,5,5,2,5,2,3,1,5,4,3,1,1,0,0,0,0,1,1,0,0,0,1,1,0
22,1,3,3,1,5.5,4,5,4,5,5,5,3,1,1,4,2,2,1,1,0,0,1,0,1,0,0,0,0,1,1,0
22,1,3,3,1,5.5,5,5,3,3,2,3,4,5,4,1,4,1,0,0,0,0,1,0,0,0,0,0,1,1,1,0
20,1,3,3,1,5.5,4,4,3,5,4,3,2,2,2,4,5,3,1,1,0,0,1,0,1,0,0,0,0,1,0,0
24,0,3,3,1,2.5,1,1,3,3,4,4,3,3,2,4,4,4,1,1,1,0,1,0,1,0,1,0,0,1,1,0
23,1,3,3,1,5.5,3,2,4,3,5,3,5,1,4,4,2,5,1,1,0,0,1,1,1,1,0,0,0,1,1,0
20,1,3,3,1,3.5,5,2,1,2,1,1,5,1,1,4,5,3,1,1,0,0,1,0,0,0,0,0,0,1,1,0
16,0,3,2,1,2.5,3,1,2,3,3,2,2,4,1,3,3,2,1,0,0,0,1,0,1,1,0,1,0,0,1,0
50,1,3,1,1,2.5,2,1,1,3,3,2,1,4,3,1,1,4,1,1,1,0,1,0,0,1,0,1,0,0,1,0
47,0,2,1,1,1.5,4,2,2,3,2,1,4,2,3,3,2,2,1,1,0,0,0,0,0,0,0,0,0,0,1,0
24,0,3,1,1,2.5,3,3,2,3,4,3,2,4,2,3,1,4,1,1,0,0,1,0,0,0,1,0,0,0,1,0
38,1,2,1,1,0.5,3,2,3,2,2,1,3,1,1,2,1,1,0,1,0,0,0,0,0,0,0,1,0,0,1,0
50,0,0,1,0,1.5,2,1,1,2,2,2,1,4,1,2,2,1,1,0,0,0,1,0,0,0,0,0,0,0,1,0
49,0,2,0,1,4.5,5,5,3,3,4,3,3,3,3,4,4,5,1,1,0,0,1,0,0,1,1,0,0,0,1,0
47,1,2,1,1,2.5,3,3,3,3,3,2,1,3,1,1,1,4,1,1,0,0,0,0,0,1,0,0,0,1,0,0
48,1,2,1,1,2.5,3,3,1,3,1,1,1,1,1,1,1,1,1,1,0,0,1,0,0,1,1,0,1,0,0,0
51,0,2,1,1,1.5,4,3,2,3,3,4,3,3,3,3,3,3,1,1,0,0,1,0,1,1,1,0,0,0,1,0
50,0,2,1,1,3.5,4,3,4,5,5,4,3,4,3,4,4,2,1,1,0,0,1,0,0,0,1,1,0,0,0,0
47,1,2,1,1,3.5,3,2,2,2,2,2,3,4,1,1,2,1,1,1,0,0,1,0,0,1,1,0,0,0,1,0
27,1,2,1,1,4.5,4,5,2,5,5,5,5,2,3,3,5,4,1,1,0,0,1,0,0,0,0,0,0,0,1,0
40,1,3,1,1,1.5,4,2,1,2,4,3,3,3,3,4,3,1,1,1,0,0,1,0,0,0,1,0,0,0,1,0
46,0,0,1,1,0.5,3,1,1,1,2,1,1,3,5,2,2,2,1,1,0,0,1,0,1,0,1,0,0,0,1,0
21,1,3,3,1,4.5,4,3,4,3,3,2,5,2,3,5,5,5,1,1,1,0,1,0,1,0,0,1,1,1,1,0
47,1,2,1,1,1.5,4,4,3,3,2,2,4,2,3,3,3,3,0,1,0,0,0,0,0,0,0,0,0,0,1,0
20,1,1,3,1,5.5,4,4,3,4,4,4,5,1,4,4,3,4,1,1,1,0,1,0,1,1,1,0,0,1,1,0
47,1,2,1,1,1.5,3,4,3,4,5,4,2,2,1,2,3,2,1,1,0,0,1,0,0,0,1,0,0,1,1,0
48,0,2,1,1,3.5,3,3,3,3,2,2,3,3,3,2,3,2,1,1,0,0,1,0,0,0,0,0,0,0,1,0
49,0,2,1,1,4.5,4,3,2,2,2,2,2,4,2,2,2,4,1,1,0,0,0,0,0,0,0,1,0,0,0,0
21,0,1,3,1,3.5,3,2,1,1,2,2,2,4,3,2,2,2,1,1,1,0,0,0,0,0,0,1,1,1,1,0
32,1,2,1,1,4.5,5,2,4,3,2,1,1,5,1,1,2,5,1,1,1,0,1,0,0,1,0,1,0,0,1,0
47,1,2,1,1,2.5,3,1,2,3,2,2,3,3,2,2,2,3,1,0,0,0,1,0,0,0,1,0,0,1,1,0
50,0,2,1,1,1.5,1,1,2,3,2,2,1,1,3,3,2,2,1,1,0,0,0,0,0,0,1,0,0,0,1,0
48,0,0,1,1,0.5,5,1,1,2,4,2,1,3,3,4,2,5,1,1,0,0,1,0,0,0,1,0,0,0,1,0
21,1,1,3,1,3.5,2,2,1,5,4,5,3,3,2,3,5,4,1,1,0,0,1,0,0,1,0,0,1,0,1,1
47,0,2,1,1,0.5,1,1,2,5,3,4,2,3,1,2,4,4,0,0,0,0,0,0,0,0,1,1,0,0,0,0
36,1,2,1,1,2.5,3,2,1,2,4,4,1,1,1,1,1,4,1,0,0,0,0,0,0,0,0,1,0,0,1,0
37,1,2,0,1,1.5,3,1,2,2,1,3,1,2,2,4,2,4,1,1,0,0,1,0,0,0,0,0,0,0,1,0
19,1,1,2,1,4.5,5,4,4,3,5,4,2,5,4,4,5,5,0,1,0,0,0,0,0,0,0,1,0,0,1,0
30,0,1,1,1,1.5,4,2,1,2,2,1,4,2,2,2,2,5,1,1,0,0,1,0,0,0,0,1,0,0,0,0
48,0,2,1,1,0.5,3,1,1,1,1,1,5,3,2,1,5,2,1,1,1,1,1,1,1,1,1,0,0,0,1,0
48,1,2,0,1,5.5,4,5,5,5,4,5,3,3,2,3,5,4,1,1,0,0,1,1,0,1,0,0,0,1,1,0
48,0,2,1,1,3.5,3,2,3,3,4,3,2,3,2,3,3,4,1,0,0,0,0,0,0,0,1,1,0,0,0,0
47,0,2,1,1,2.5,3,2,3,5,5,5,2,5,2,3,2,4,1,0,0,1,1,1,0,0,1,0,1,0,1,0
47,1,2,1,1,0.5,2,2,2,3,2,2,4,3,2,2,2,2,0,1,0,0,0,0,0,0,1,1,0,0,0,0
48,0,2,1,1,0.5,5,1,1,2,2,1,1,1,1,2,1,4,1,1,0,0,0,0,0,1,0,0,0,1,1,0
21,0,3,3,1,2.5,2,4,2,3,2,1,3,5,3,2,1,4,1,1,0,0,1,0,0,1,1,1,0,1,0,0
48,0,2,1,1,1.5,2,2,1,2,1,1,2,3,1,1,2,2,1,0,0,0,0,0,0,0,1,0,0,0,1,0
21,0,1,3,1,0.5,2,3,2,4,3,3,2,3,1,2,2,1,1,1,1,0,1,0,1,0,1,0,0,1,1,0
20,0,3,3,1,5.5,5,5,5,4,2,4,3,3,1,3,3,4,1,0,1,1,1,1,1,0,1,0,0,1,1,0
20,1,3,3,1,3.5,4,5,4,4,5,5,5,2,2,3,4,4,1,1,0,0,0,0,0,0,0,0,0,1,1,0
20,0,3,3,1,1.5,5,5,2,3,4,5,3,2,4,5,5,5,1,1,0,0,1,0,0,0,0,0,0,1,1,0
21,1,3,3,1,1.5,4,4,4,4,4,2,4,3,4,3,3,1,1,1,0,0,1,0,1,0,0,0,0,1,1,0
20,1,1,3,1,4.5,4,3,5,5,4,4,5,4,3,4,4,5,1,0,0,0,1,0,0,1,0,0,0,1,1,0
47,0,2,1,1,2.5,4,3,3,2,4,3,1,2,1,1,2,1,1,0,0,1,1,1,0,0,1,1,0,0,0,0
35,1,0,1,1,0.5,3,2,1,1,1,1,1,3,4,1,1,1,1,1,0,0,0,0,0,0,0,1,0,0,1,0
23,1,3,3,1,3.5,5,3,3,4,3,5,1,3,3,4,3,5,0,0,0,0,0,0,0,1,0,0,0,1,1,0
21,1,3,3,1,4.5,3,5,4,5,5,4,3,2,1,3,5,5,1,1,0,0,1,0,1,1,1,0,0,1,1,0
21,1,1,3,1,2.5,3,2,5,2,4,1,3,2,4,4,2,1,1,1,0,0,1,0,0,1,0,0,0,1,1,0
37,1,2,1,1,1.5,5,4,4,3,5,2,5,2,2,4,4,5,1,1,0,0,0,0,0,0,0,0,0,1,1,0
48,0,2,1,1,1.5,4,2,2,3,2,2,2,3,3,3,3,4,1,1,0,0,1,0,0,0,1,1,0,0,0,0
47,0,2,1,1,0.5,3,1,1,2,4,2,3,3,2,1,2,3,1,1,0,0,0,1,0,0,0,0,0,1,0,0
25,1,2,1,1,4.5,3,4,5,4,5,4,2,4,4,5,3,2,1,1,0,1,1,1,0,1,1,1,0,0,0,0
22,1,1,3,1,5.5,5,5,4,5,4,3,2,3,3,3,4,4,1,1,1,0,1,1,1,1,1,0,0,1,1,0
45,0,2,1,1,2.5,3,2,3,3,3,3,3,2,2,2,2,2,1,1,0,0,0,0,0,0,0,0,0,0,1,0
47,0,2,1,1,1.5,4,3,2,4,3,2,2,3,3,3,2,1,1,0,0,0,1,0,0,0,0,0,1,0,0,0
47,1,3,1,1,4.5,4,5,2,3,3,1,3,3,1,3,3,1,1,1,0,0,1,0,0,1,1,1,0,0,0,0
24,1,2,3,1,5.5,5,3,4,3,4,5,3,3,3,4,3,4,0,1,0,0,1,0,0,1,0,0,0,0,1,0
21,1,1,3,1,2.5,5,5,5,5,1,5,2,5,5,2,5,5,0,0,0,0,1,0,0,0,0,0,0,1,1,0
22,1,3,3,1,2.5,3,2,2,2,2,2,1,3,3,4,2,1,1,1,1,1,0,0,0,1,0,0,0,1,1,0
19,1,3,2,1,2.5,3,4,3,3,3,3,3,5,3,4,3,1,1,1,1,0,1,1,1,1,0,1,0,0,1,0
21,1,1,3,1,4.5,3,3,2,4,2,4,3,2,1,4,4,4,1,1,0,0,1,0,1,0,0,0,0,1,1,0
22,1,1,3,1,5.5,5,3,3,3,5,3,2,3,4,5,3,4,1,1,0,0,1,0,1,0,0,0,0,1,1,0
20,0,3,3,1,3.5,4,5,4,4,5,4,1,3,4,4,5,5,1,1,1,0,1,1,1,0,0,0,0,1,1,0
42,1,2,1,1,2.5,3,1,1,1,1,1,1,3,1,1,3,1,1,1,1,0,1,0,0,1,0,1,0,0,1,0
35,1,2,1,1,2.5,5,3,2,2,1,3,2,4,1,3,2,2,0,1,0,0,0,0,0,0,0,1,0,0,1,0
38,0,2,1,1,4.5,3,3,3,2,3,2,3,4,3,2,2,2,1,1,1,1,0,0,0,0,1,0,0,1,1,0
17,0,3,2,1,0.5,2,2,2,2,2,1,1,2,1,1,1,2,1,1,0,0,1,0,0,0,0,1,0,0,1,0
32,0,2,1,1,1.5,3,1,3,2,2,1,1,3,1,1,2,1,1,1,1,1,0,0,0,0,0,0,1,0,0,0
21,1,3,3,1,1.5,3,3,2,5,4,5,4,2,2,2,3,2,1,1,1,0,1,0,1,0,1,0,0,1,1,0
22,0,1,3,1,3.5,4,2,2,2,4,3,2,4,2,3,2,5,1,1,1,1,1,0,1,0,0,1,1,1,1,0
27,1,2,3,1,5.5,5,5,3,3,3,3,1,3,1,3,3,4,1,1,0,0,1,0,0,0,0,0,0,1,1,0
21,0,1,3,1,3.5,4,5,3,5,5,5,5,2,4,3,5,3,1,1,1,1,1,1,0,0,0,0,0,1,1,0
27,0,2,1,1,5.5,5,5,5,5,5,5,1,3,1,5,5,5,0,1,1,1,0,0,0,0,0,0,1,0,1,0
20,0,3,2,1,2.5,3,2,3,2,3,2,3,2,3,2,1,4,0,0,1,1,1,1,0,1,0,1,0,0,1,0
27,1,2,1,1,3.5,4,4,4,5,4,3,2,2,1,1,3,2,1,1,0,0,1,0,0,0,0,0,0,0,1,0
24,0,3,3,1,3.5,5,5,5,5,1,5,5,4,1,5,5,4,1,1,1,0,1,0,0,0,0,0,1,0,1,0
26,1,3,1,1,2.5,3,2,1,1,1,1,1,1,1,1,1,1,1,1,0,0,1,0,1,1,0,0,0,0,1,0
20,1,3,3,1,3.5,2,1,1,2,5,3,5,4,3,4,3,4,1,0,1,1,1,1,1,1,1,0,0,1,1,0
31,0,3,1,1,2.5,3,3,3,3,4,3,4,4,4,3,3,2,1,1,1,0,1,0,0,0,0,1,0,0,1,0
21,0,3,3,1,5.5,5,1,1,1,1,1,1,3,1,1,1,1,1,0,1,1,0,0,0,0,0,0,0,1,1,0
34,0,2,1,1,5.5,5,3,2,3,3,4,4,4,5,5,5,5,1,1,0,0,0,1,0,0,0,0,0,0,1,0
22,0,3,3,1,0.5,1,1,1,1,1,1,1,1,1,1,1,1,1,1,0,0,0,0,1,0,0,0,0,1,1,0
20,1,1,3,1,5.5,3,3,1,3,5,3,2,3,5,4,5,1,0,0,0,0,1,0,0,0,0,0,0,1,1,0
23,0,1,3,1,4.5,4,2,1,1,3,1,1,3,1,3,2,1,1,1,1,1,1,0,0,0,1,0,1,0,1,0
48,0,2,1,1,0.5,1,1,1,1,1,1,5,5,3,1,1,1,1,1,0,0,0,0,0,0,0,0,0,0,1,0
37,0,2,1,1,1.5,4,4,1,3,4,4,4,4,3,2,3,2,1,1,0,0,0,0,0,0,0,0,0,0,1,0
22,0,3,3,1,1.5,3,3,2,3,4,4,4,4,3,5,4,4,1,1,0,0,1,0,1,0,0,0,0,1,1,0
50,0,3,1,1,1.5,3,2,3,3,3,5,4,5,5,2,4,3,0,1,0,0,0,0,0,0,0,0,0,1,1,0
21,1,1,3,1,5.5,4,4,4,5,5,5,4,2,3,3,4,4,1,1,0,0,1,0,1,0,1,0,0,1,1,0
23,1,3,3,1,2.5,4,4,1,3,2,2,1,2,1,2,4,1,1,1,1,0,1,0,1,1,1,0,1,1,1,0
21,1,3,3,1,1.5,4,3,1,3,4,3,5,2,3,3,4,3,1,1,0,0,0,0,0,0,0,0,0,1,1,0
22,1,3,3,1,3.5,3,3,3,3,3,2,2,3,3,3,3,3,1,1,1,0,1,0,1,1,1,0,0,1,1,0
22,1,1,3,1,5.5,3,1,4,4,3,4,3,4,3,4,4,3,0,1,0,0,0,0,0,0,0,0,0,1,1,0
22,1,1,3,1,5.5,2,5,3,3,3,4,5,3,3,2,4,3,1,1,0,0,1,1,1,0,0,0,0,1,1,0
19,1,3,3,1,3.5,5,4,5,3,5,4,5,1,5,4,4,3,1,1,1,0,1,0,1,1,0,0,0,1,1,0
23,1,3,3,1,2.5,5,5,3,5,3,5,1,3,2,2,2,5,1,1,0,0,1,0,0,0,0,0,0,1,1,0
46,0,2,1,1,0.5,2,1,1,1,1,1,1,2,1,1,3,4,1,1,0,0,0,0,0,0,0,0,1,0,0,0
21,0,1,3,1,5.5,4,5,3,4,4,4,3,3,4,4,4,5,1,1,0,0,1,0,0,0,0,0,0,1,1,0
24,1,1,3,1,5.5,2,3,1,2,4,3,4,4,3,4,1,1,1,1,1,0,1,0,0,0,0,0,0,1,1,0
20,1,3,3,1,0.5,3,1,1,1,2,2,5,1,2,1,3,1,1,1,0,0,1,0,0,0,0,0,0,1,1,0
25,0,3,3,1,1.5,5,5,1,1,2,3,4,5,3,5,2,5,1,0,0,0,0,0,0,0,0,0,0,1,1,0
21,1,3,3,1,3.5,2,1,1,2,2,1,1,1,1,1,1,1,1,1,1,0,0,0,0,1,0,0,0,0,1,1
23,0,1,3,1,5.5,4,4,3,5,4,4,4,2,1,4,4,3,1,1,1,1,1,1,0,0,1,0,0,1,1,0
22,1,1,1,1,5.5,5,4,4,4,4,3,4,4,4,4,5,1,1,0,1,1,1,1,0,0,0,1,0,0,0,0
36,0,2,1,1,0.5,2,1,1,2,3,1,3,3,1,2,1,1,1,1,0,0,1,0,0,1,0,0,0,1,1,0
22,1,3,3,1,2.5,5,5,3,5,5,2,3,1,2,5,3,5,1,1,0,0,1,1,1,1,0,0,0,1,1,0
25,1,3,1,1,4.5,3,4,2,5,5,1,5,1,5,4,5,5,1,1,0,0,1,0,0,0,0,0,0,1,1,0
22,1,3,3,1,4.5,4,2,1,5,4,3,5,1,4,4,4,2,1,1,0,0,1,1,1,0,1,0,0,1,1,0
23,0,3,3,1,3.5,3,4,2,5,5,5,5,4,4,2,3,4,1,1,1,0,1,1,1,0,0,0,1,1,1,0
23,0,3,3,1,0.5,3,2,1,3,4,3,3,3,2,3,2,5,0,1,0,0,1,0,0,0,0,0,0,1,1,0
19,1,3,2,1,3.5,5,3,2,3,5,5,2,3,3,3,5,5,1,1,1,0,1,0,0,0,0,0,0,1,1,0
21,1,3,3,1,1.5,3,5,2,4,2,2,1,4,2,3,2,3,1,1,1,1,1,0,1,0,0,1,0,1,0,0
27,1,1,1,1,4.5,5,5,3,4,4,4,4,2,3,4,4,2,1,1,0,0,1,0,1,0,0,0,0,0,1,0
25,1,3,3,1,5.5,4,3,1,2,4,3,4,2,2,4,2,1,1,1,1,0,0,0,0,0,0,0,0,1,1,0
20,1,3,3,1,2.5,4,2,1,3,4,1,1,5,1,2,2,3,1,1,0,0,1,0,1,0,0,0,0,1,1,0
34,1,2,1,1,1.5,2,5,1,1,1,5,2,3,5,1,2,1,0,1,0,0,0,0,0,0,0,1,0,0,1,0
23,1,3,3,1,5.5,5,5,3,3,5,3,3,4,3,4,5,4,1,1,1,0,1,0,1,1,0,0,0,1,1,0
34,1,2,1,1,1.5,2,2,1,1,1,1,2,1,1,1,1,1,0,1,0,0,0,0,0,0,0,1,0,0,1,0
26,1,3,1,1,4.5,5,5,3,5,5,5,3,3,3,5,4,4,1,1,1,0,1,1,0,1,0,0,0,1,1,0
25,0,3,3,1,4.5,4,5,2,5,1,5,2,3,4,5,1,5,1,1,1,0,1,1,1,1,1,0,0,1,1,0
22,1,2,3,1,2.5,5,4,2,3,3,2,1,3,2,2,3,3,1,1,0,0,1,0,0,1,0,0,0,1,1,0
20,0,3,3,1,0.5,4,2,1,3,5,2,1,4,2,2,4,2,1,1,1,1,1,0,1,0,1,0,0,1,1,0
23,1,3,3,1,5.5,4,5,3,4,5,5,5,1,3,3,4,5,1,1,0,0,1,0,1,0,0,0,0,1,1,0
22,1,3,3,1,4.5,4,1,2,1,1,1,1,2,1,1,2,3,1,1,1,0,1,0,1,0,0,0,0,1,1,0
23,1,3,3,1,5.5,3,3,2,3,3,4,3,3,4,4,3,2,1,1,0,0,1,1,0,0,0,0,1,1,1,0
21,1,1,3,1,2.5,2,3,4,2,3,4,2,4,2,3,1,4,0,1,1,0,1,0,0,0,0,0,1,0,1,0
36,1,2,1,1,1.5,4,1,1,2,2,1,1,3,2,2,3,3,1,1,0,0,0,0,1,0,0,0,0,1,1,0
21,1,1,3,1,2.5,3,3,2,3,5,4,3,3,3,5,5,4,1,1,1,0,1,1,1,0,0,0,0,1,1,0
22,1,3,3,1,1.5,2,2,2,2,2,3,4,3,3,3,2,2,1,1,0,0,1,0,0,0,0,0,0,1,1,0
22,0,3,3,1,5.5,4,4,3,4,2,4,4,3,4,3,4,3,1,1,1,1,1,1,0,1,1,0,0,1,1,0
22,1,3,3,1,5.5,5,2,5,4,4,4,4,3,2,2,3,2,1,1,0,0,1,0,1,0,0,0,0,1,1,0
20,1,3,3,1,3.5,3,3,3,3,4,3,4,3,3,3,3,2,1,1,1,0,1,0,0,0,0,0,0,1,1,0
26,1,1,1,1,5.5,4,4,1,3,3,2,2,4,1,2,2,4,1,1,0,0,1,0,0,0,1,0,0,0,1,0
21,0,3,3,1,2.5,3,3,2,5,5,4,2,3,2,4,2,4,1,0,0,0,0,0,0,0,0,0,0,1,1,0
20,1,3,3,1,5.5,4,5,3,5,5,5,2,3,1,3,4,5,1,1,0,0,1,1,1,1,0,1,1,1,1,0
21,1,1,3,1,5.5,3,2,1,2,3,1,1,3,1,3,3,2,1,1,1,0,0,0,0,1,1,1,0,1,0,0
19,1,3,2,1,5.5,3,2,1,5,2,3,1,3,1,2,1,5,1,1,1,1,1,1,1,1,1,1,0,0,1,0
20,1,3,3,1,5.5,4,5,5,5,5,5,5,1,4,5,5,5,1,1,1,0,1,1,1,1,0,0,0,1,1,0
22,1,3,3,1,3.5,5,4,3,4,4,3,2,3,4,3,3,4,1,1,1,1,1,1,1,1,1,1,1,1,1,0
23,0,3,3,1,1.5,2,2,1,5,5,5,1,3,1,5,1,5,1,0,1,1,0,0,0,0,0,0,1,1,1,0
21,0,3,3,1,2.5,4,4,4,5,5,4,4,2,3,3,4,3,1,1,1,1,1,0,0,0,1,0,0,1,1,0
21,1,1,3,1,3.5,5,4,2,5,5,4,4,3,3,5,5,5,1,1,1,0,1,1,1,1,0,0,1,1,1,0
22,0,1,3,1,4.5,5,5,3,5,5,5,5,5,5,5,5,5,1,1,1,0,1,0,1,0,0,0,0,1,1,0
26,0,3,1,1,5.5,5,5,5,5,5,5,5,5,1,5,5,5,1,1,1,0,1,0,0,0,0,1,0,0,0,0
22,1,1,3,1,2.5,4,4,2,3,5,3,1,3,4,5,2,2,1,1,1,0,1,0,0,0,0,0,0,1,1,0
17,0,3,2,1,2.5,3,4,3,3,3,3,5,3,4,5,3,4,0,0,1,0,0,0,0,0,0,1,0,0,1,0
23,0,3,3,1,5.5,4,3,3,4,5,4,5,4,4,3,4,5,1,1,1,0,1,1,0,1,0,1,1,1,1,0
21,0,3,2,1,3.5,2,4,2,4,5,4,5,4,4,4,3,3,1,1,1,1,1,0,0,1,0,0,0,1,1,0
22,1,3,3,1,5.5,1,1,1,1,1,1,2,2,1,2,1,2,1,1,0,0,1,0,1,0,0,0,0,1,1,0
20,0,3,3,1,5.5,4,5,3,2,5,3,4,2,1,5,4,5,1,1,1,0,1,1,1,0,1,0,0,1,1,0
24,1,3,3,1,4.5,4,4,3,4,4,4,3,3,3,4,4,4,1,1,0,0,1,0,0,0,1,0,0,1,1,0
22,1,3,3,1,3.5,4,4,2,5,4,5,3,2,2,3,4,4,1,1,0,0,1,0,1,0,0,0,0,0,1,0
24,0,3,3,1,3.5,4,3,2,3,2,3,2,1,3,2,3,2,1,1,1,0,1,0,0,0,1,0,0,1,1,0
22,1,3,3,1,5.5,3,4,4,5,5,4,5,2,4,5,4,4,1,1,0,0,1,0,1,1,0,0,0,1,1,0
26,0,1,3,1,4.5,3,3,2,2,4,2,2,3,4,4,2,2,1,1,1,0,1,0,1,1,1,1,1,1,1,0
24,1,1,1,1,3.5,2,1,1,2,4,2,1,1,3,3,2,4,1,1,1,0,1,0,0,1,0,0,0,0,1,0
22,1,3,3,1,2.5,3,4,1,2,2,3,3,3,3,3,4,4,1,1,0,0,0,0,0,0,0,0,0,1,1,0
25,1,1,3,1,3.5,3,2,1,2,4,3,3,3,2,4,2,3,1,1,1,0,1,0,1,0,0,0,0,1,1,0
21,1,3,3,1,4.5,4,5,3,4,4,5,2,3,3,4,5,4,1,1,1,1,1,1,1,1,0,0,0,1,1,0
20,1,1,3,1,2.5,4,4,4,4,4,4,5,5,4,5,5,5,1,1,0,0,1,1,1,0,0,0,0,1,1,0
22,1,3,3,1,1.5,3,3,1,3,1,1,1,3,5,1,1,1,1,1,0,0,1,0,0,0,0,0,0,1,1,0
25,1,1,1,1,2.5,2,1,3,2,4,4,3,3,1,2,1,1,1,1,0,0,1,0,1,1,1,1,0,0,0,0
17,0,3,2,1,4.5,2,1,4,2,5,2,4,3,1,4,2,2,0,1,1,0,0,0,0,0,0,1,0,0,1,0
22,1,3,3,1,2.5,4,2,3,3,5,4,4,3,3,4,3,5,1,1,0,0,1,0,0,0,1,0,0,1,1,0
26,0,3,3,1,1.5,3,4,2,4,4,4,2,2,1,3,3,2,1,1,0,1,1,0,0,0,1,0,0,1,1,0
22,1,3,3,1,2.5,2,3,2,3,3,3,4,3,3,5,3,3,0,1,0,0,0,0,0,0,0,0,1,1,1,0
23,0,1,3,1,2.5,3,4,5,3,5,3,3,3,3,5,1,4,1,1,0,0,1,0,1,1,0,0,1,0,1,1
25,0,3,1,1,2.5,4,2,2,3,5,4,1,1,2,5,5,5,1,1,0,0,1,0,1,0,0,0,1,0,0,0
21,0,3,2,1,2.5,4,5,3,5,2,5,2,3,4,4,5,2,1,0,1,1,1,0,1,0,0,0,1,0,1,0
30,1,3,1,1,2.5,4,5,4,3,3,5,4,3,1,4,4,5,0,1,0,0,0,1,0,0,0,0,0,0,1,0
23,1,3,3,1,3.5,2,4,1,3,4,3,4,2,2,3,3,2,1,1,0,0,1,0,0,0,0,0,0,1,1,0
22,0,1,1,1,4.5,4,5,4,5,5,4,3,3,3,3,4,2,1,1,1,1,1,1,1,0,1,0,1,0,1,0
21,1,1,3,1,4.5,5,5,5,4,4,3,5,2,2,5,4,3,1,1,0,0,1,0,0,0,0,0,0,1,1,0
20,1,1,3,1,3.5,5,3,2,4,2,2,1,3,5,1,4,1,1,1,0,0,0,0,0,0,0,0,0,1,1,0
18,1,3,3,1,5.5,3,2,2,2,4,2,1,3,3,2,3,4,1,1,1,0,1,0,1,1,0,0,0,1,1,0
20,1,3,3,1,3.5,3,3,2,2,4,2,2,3,2,2,3,1,1,0,0,0,1,0,0,0,1,0,0,1,1,0
15,1,3,2,1,3.5,4,3,1,3,5,3,3,3,1,5,4,5,1,0,1,0,1,0,0,1,0,1,0,0,1,0
22,0,3,3,1,5.5,5,3,2,3,5,5,1,3,1,3,4,5,1,1,1,1,1,0,1,1,1,0,0,1,1,0
17,1,3,2,1,5.5,2,5,4,5,3,5,2,2,3,2,4,2,1,1,0,0,1,1,1,1,0,1,0,0,1,0
21,0,3,3,1,1.5,2,3,1,4,5,4,3,3,1,5,5,5,0,1,0,0,1,0,0,0,0,0,0,1,1,0
22,1,3,3,1,5.5,5,1,4,1,4,4,3,4,2,4,5,4,1,1,0,0,1,1,1,0,1,0,0,1,1,0
23,1,2,3,1,5.5,4,3,3,4,4,5,4,4,3,3,3,4,0,1,0,0,0,0,0,0,0,0,0,1,1,0
24,0,3,3,1,3.5,2,1,1,1,4,1,1,3,1,3,1,3,1,1,1,1,1,0,1,1,1,0,0,1,1,0
21,1,1,3,1,5.5,4,5,4,5,3,5,3,3,2,5,5,4,1,1,0,0,1,0,1,0,0,1,1,1,1,0
22,1,3,3,1,5.5,5,5,5,5,5,5,5,1,4,5,5,5,1,1,0,0,1,1,1,1,0,0,0,1,1,0
22,1,3,3,1,5.5,5,5,5,5,5,5,5,5,5,5,5,5,1,1,1,0,0,0,1,0,0,0,0,1,1,0
21,1,3,3,1,5.5,3,4,5,4,5,4,5,5,3,5,4,5,1,1,0,0,1,1,1,0,1,1,1,1,1,0
21,1,3,3,1,5.5,3,3,2,2,4,4,4,3,3,4,2,4,1,1,1,0,1,0,1,1,0,0,0,1,1,0
18,0,3,2,1,5.5,5,4,1,2,4,3,1,3,3,3,3,5,1,1,1,1,1,0,0,1,1,0,0,1,1,0
19,0,3,3,1,0.5,3,2,1,2,4,2,2,3,4,2,2,5,1,1,1,0,1,0,1,0,1,0,0,1,1,0
22,0,3,3,1,5.5,5,4,2,4,5,5,1,1,1,5,1,5,1,1,1,1,1,0,1,0,1,0,1,0,1,0
21,1,3,3,1,3.5,5,5,4,5,5,4,5,5,3,5,3,5,1,1,1,0,1,1,1,0,0,0,0,1,1,0
22,0,3,3,1,2.5,4,5,4,4,5,5,2,2,5,5,5,4,1,1,1,0,1,0,0,1,0,0,0,1,1,0
21,1,3,3,1,2.5,4,4,1,3,2,2,2,2,2,4,3,2,0,1,0,0,1,1,1,1,0,0,1,0,1,0
23,0,2,3,1,2.5,5,4,3,5,4,5,3,2,2,4,4,4,1,1,1,1,1,1,1,1,1,0,0,1,1,0
19,0,3,3,1,3.5,4,2,2,2,3,1,2,5,1,1,3,4,1,1,1,1,1,1,1,1,1,0,0,1,1,0
26,0,3,1,1,2.5,4,3,2,4,3,3,4,3,1,4,2,2,1,1,1,1,1,0,1,0,1,0,0,1,1,0
27,0,3,1,1,2.5,5,5,2,2,1,1,2,4,1,3,2,3,1,1,0,1,1,0,0,1,1,1,0,0,0,0
25,1,3,3,1,5.5,5,5,4,4,5,1,2,2,3,5,2,4,1,1,0,0,1,1,0,1,0,0,1,0,1,1
20,1,3,3,1,4.5,3,3,3,3,3,3,3,3,3,3,3,3,1,1,1,0,1,0,0,0,0,0,0,1,1,0
20,1,3,3,1,5.5,4,2,4,3,5,4,1,3,2,4,4,2,1,1,0,0,1,0,1,0,1,0,0,1,1,0
22,0,3,3,1,3.5,4,4,1,3,3,1,1,1,1,1,2,2,1,1,1,1,1,0,1,1,1,0,0,1,1,0
18,1,3,2,1,3.5,5,5,2,5,4,5,5,2,4,4,5,5,1,1,0,0,1,0,0,0,0,0,0,0,1,0
22,0,1,3,1,2.5,4,3,2,3,4,3,2,4,1,3,1,3,1,1,1,1,1,0,1,0,0,0,1,0,1,0
20,0,3,1,1,1.5,3,3,2,3,5,3,1,3,4,5,3,2,0,1,0,1,1,0,1,0,1,1,0,0,0,0
24,0,3,1,1,5.5,5,3,5,5,4,5,1,3,1,3,5,1,1,0,1,0,0,0,0,0,0,1,0,0,0,0
21,0,3,3,1,4.5,3,4,3,3,5,5,4,4,4,3,4,3,1,1,0,0,1,0,0,0,0,0,0,1,1,0
29,1,3,1,1,3.5,5,3,1,3,5,3,2,2,1,5,5,5,0,1,0,0,1,0,0,0,0,0,0,0,1,0
21,0,3,3,1,1.5,4,4,3,3,5,2,4,2,2,2,4,5,1,1,1,0,1,1,1,0,0,0,1,0,1,1
19,1,3,3,1,5.5,3,5,4,3,5,4,1,5,1,5,5,5,1,1,1,1,1,1,1,1,0,1,0,1,0,0
21,1,1,3,1,2.5,5,4,3,4,4,4,2,3,1,5,4,2,1,1,1,0,1,0,1,0,0,0,0,1,1,0
43,0,2,1,1,0.5,2,1,1,1,1,1,1,3,3,1,1,1,1,1,0,0,0,0,0,0,0,0,0,1,0,0
22,1,2,3,1,4.5,5,5,3,4,4,4,4,1,1,4,2,1,1,1,1,1,1,1,1,1,1,0,0,1,1,0
24,0,1,3,1,4.5,4,5,3,5,5,5,1,3,1,3,2,1,1,1,1,1,1,0,1,0,1,0,1,0,1,0
18,1,3,2,1,5.5,5,5,3,3,5,4,1,3,1,5,4,4,1,1,0,0,0,0,0,0,0,1,0,0,1,0
19,1,3,3,1,3.5,4,3,1,3,4,4,2,3,1,4,3,5,1,1,1,0,1,0,1,0,0,0,0,1,1,0
37,1,1,1,1,1.5,2,2,1,3,3,2,2,3,1,3,3,4,1,1,0,0,0,0,0,0,0,0,0,0,1,0
24,0,3,3,1,4.5,4,4,2,4,4,5,4,2,3,3,4,5,1,1,1,1,1,0,0,0,0,0,0,1,1,0
29,1,3,1,1,1.5,2,2,1,4,5,4,4,2,1,5,2,4,1,1,0,1,1,0,0,1,1,0,0,1,1,0
19,0,3,2,1,4.5,3,3,2,2,3,2,2,1,3,2,2,2,1,1,1,1,1,1,1,0,0,0,0,0,1,0
35,0,2,1,1,0.5,2,3,2,2,4,4,2,2,4,3,2,5,1,1,1,0,1,0,0,0,0,1,0,0,0,0
22,1,3,3,1,2.5,4,5,4,5,5,4,3,3,1,4,4,2,0,0,1,1,0,0,0,0,1,0,0,1,1,0
23,0,3,3,1,1.5,3,2,2,3,2,2,2,4,2,3,2,3,1,1,1,0,1,0,1,1,1,0,1,0,1,0
22,1,3,3,1,5.5,5,5,5,4,4,4,2,3,2,3,4,1,0,0,0,0,1,1,0,0,1,0,0,1,1,0
25,0,3,1,1,2.5,4,4,1,5,5,3,5,2,2,4,3,5,1,1,1,0,1,0,1,0,0,0,0,0,1,0
19,0,3,2,1,4.5,3,3,4,3,3,3,4,3,3,3,3,2,1,1,0,0,1,1,0,0,0,1,0,0,1,0
29,1,2,1,1,1.5,4,4,1,3,3,3,2,3,1,2,2,4,1,1,0,0,1,0,0,1,0,0,0,0,1,0
21,1,1,3,1,4.5,4,5,3,3,3,3,5,1,4,4,3,5,1,1,0,0,1,0,1,1,1,1,1,1,1,0
21,0,1,3,1,4.5,4,2,2,2,1,1,1,3,1,2,2,2,1,1,1,0,1,0,1,0,0,0,0,1,1,0
22,1,2,3,1,2.5,3,2,1,1,1,3,1,1,2,1,2,2,1,1,1,0,1,0,1,0,0,0,0,1,1,0
23,1,3,3,1,4.5,5,4,2,4,5,5,5,1,4,5,2,5,1,1,1,1,1,1,1,1,1,0,1,0,1,0
22,1,1,3,1,2.5,4,5,4,5,3,5,4,3,2,4,4,4,1,1,0,0,1,0,0,0,0,0,0,1,1,0
20,0,0,3,1,5.5,5,5,5,5,5,5,5,5,5,5,5,5,1,1,1,0,1,0,1,0,0,0,0,1,1,0
27,1,3,1,1,3.5,3,3,3,3,4,4,4,4,3,5,3,4,0,1,1,0,1,1,1,1,0,0,0,0,1,0
24,0,3,1,1,5.5,5,2,2,2,4,2,2,3,3,2,1,5,1,1,1,1,1,0,1,1,1,1,0,0,0,0
21,1,2,3,1,1.5,5,5,2,4,5,5,5,1,5,4,5,5,1,1,0,0,1,0,1,0,0,0,1,0,1,0
23,1,3,3,1,0.5,3,2,1,1,2,1,1,2,2,3,4,3,1,0,0,0,0,0,0,1,0,0,0,1,1,0
21,1,3,3,1,3.5,4,4,2,5,4,4,2,3,2,3,3,5,1,1,0,1,1,0,0,1,1,0,0,1,1,0
23,1,1,3,1,2.5,4,4,3,3,4,2,4,2,3,2,2,1,1,1,0,0,1,0,1,0,1,0,0,1,1,0
24,1,1,3,1,4.5,3,2,2,3,5,3,5,2,3,5,5,4,1,1,1,0,1,1,1,1,1,0,0,1,1,0
21,0,3,3,1,4.5,3,2,2,3,4,3,1,3,2,5,2,4,1,1,1,1,1,1,1,1,1,0,0,1,1,0
30,1,3,1,1,2.5,4,5,3,5,5,5,4,2,5,4,5,4,1,1,0,0,1,0,0,0,0,0,0,1,1,0
23,0,3,3,1,3.5,3,4,2,2,5,4,5,5,5,5,2,2,1,1,1,1,1,0,1,0,1,0,0,1,1,0
22,1,3,3,1,5.5,4,3,3,3,2,2,3,3,1,1,3,2,1,1,0,0,1,0,1,0,0,0,0,1,1,0
29,1,3,3,1,5.5,5,5,3,5,4,5,5,3,3,5,5,5,1,1,0,0,1,1,1,1,0,0,0,1,1,0
20,0,3,3,1,3.5,4,3,2,3,5,5,5,5,5,5,5,1,1,0,1,1,1,0,0,1,0,0,1,1,1,0
26,1,3,3,1,5.5,4,2,2,3,5,3,5,2,3,4,5,5,1,1,0,0,0,0,0,0,0,0,0,1,1,0
24,0,3,1,1,1.5,3,4,1,3,3,2,3,3,4,5,3,3,1,1,1,1,1,1,1,1,1,1,0,0,0,0
26,0,1,3,1,3.5,4,5,3,4,4,4,5,1,2,3,4,3,1,1,0,0,1,0,1,0,0,0,0,1,1,0
22,0,3,3,1,2.5,5,4,2,3,3,4,3,4,1,2,2,4,1,1,1,0,0,0,0,0,0,0,1,0,1,0
23,0,3,3,1,4.5,5,5,2,4,5,3,5,3,2,3,3,4,1,1,1,0,1,1,1,1,0,1,1,1,1,0
19,0,3,2,1,4.5,4,4,2,4,4,4,5,2,4,2,4,4,1,1,1,1,1,0,1,1,0,1,0,0,1,0
21,1,3,3,1,2.5,3,4,3,4,4,4,5,1,2,4,4,2,1,0,0,0,1,1,0,0,1,0,0,1,1,0
20,1,3,3,1,4.5,5,5,5,5,5,5,2,3,2,4,4,5,1,1,1,1,1,1,1,1,0,0,0,1,1,0
22,0,3,3,1,5.5,4,4,4,4,2,3,2,3,4,3,3,4,1,1,1,0,1,0,1,0,0,0,0,1,1,0
22,0,3,3,1,5.5,3,3,3,4,5,5,4,3,1,5,3,3,1,1,1,0,1,0,0,1,1,0,0,1,1,0
23,0,3,3,1,5.5,5,4,4,5,5,5,2,3,1,5,5,5,1,1,1,1,1,0,1,0,1,0,0,1,1,0
22,1,3,3,1,5.5,4,5,5,5,5,5,5,2,4,5,4,1,1,1,1,0,1,0,1,0,0,0,0,1,1,0
20,1,1,2,1,5.5,5,4,2,3,3,2,1,3,3,2,2,2,1,1,1,0,1,1,1,1,1,0,1,0,0,0
27,1,2,1,1,1.5,4,2,1,2,3,1,2,3,4,2,2,1,1,1,0,0,1,0,0,1,0,0,0,0,1,0
22,1,3,3,1,5.5,5,4,4,4,4,4,2,4,3,5,4,3,1,1,0,0,1,0,1,0,0,0,0,1,1,0
21,1,3,3,1,5.5,4,4,3,5,4,5,4,3,4,5,5,5,0,1,0,0,0,0,0,0,0,0,0,1,1,0
21,1,3,3,1,2.5,2,1,4,2,2,2,3,3,2,1,4,4,1,1,0,0,1,0,1,1,1,0,0,1,1,0
24,1,3,3,1,4.5,3,4,1,5,4,5,3,3,4,5,5,5,1,1,0,0,1,0,1,0,0,0,0,1,1,0
19,0,3,3,1,3.5,4,2,3,3,4,3,2,2,2,4,4,3,1,1,0,0,1,0,0,0,1,0,0,1,1,0
52,0,2,1,1,1.5,2,2,3,3,3,2,3,2,2,3,2,4,1,1,0,0,0,0,0,0,0,0,0,0,1,0
26,0,3,3,1,5.5,5,4,3,4,4,4,3,3,2,3,4,5,1,1,0,1,1,1,0,1,0,0,0,1,1,0
44,0,2,1,1,0.5,1,1,1,2,1,1,1,1,1,1,1,1,0,1,0,0,0,0,0,0,0,0,0,0,1,0
44,0,2,1,1,0.5,1,1,1,1,1,1,1,1,1,1,1,1,0,1,0,0,0,0,0,0,0,0,0,0,1,0
19,1,3,3,1,3.5,4,5,2,4,5,3,5,5,1,5,4,5,1,1,1,0,0,0,0,1,0,0,0,1,1,0
35,0,3,1,1,3.5,5,5,5,5,5,5,5,1,1,5,5,5,0,1,0,1,0,0,1,0,0,0,0,0,1,0
21,1,1,3,1,5.5,3,5,2,5,3,5,4,2,4,4,3,3,0,1,0,0,1,0,1,0,0,0,0,1,1,0
20,1,3,3,1,4.5,4,5,5,5,5,5,2,2,1,4,5,1,0,1,0,0,1,1,0,0,0,0,0,1,1,0
24,1,1,3,1,5.5,5,2,4,2,5,1,3,2,4,4,2,5,1,1,0,1,1,0,0,0,1,0,0,0,1,0
21,1,3,3,1,3.5,4,4,3,5,5,5,5,1,1,3,3,1,1,1,0,1,1,0,0,1,0,0,1,1,1,0
24,0,3,3,1,5.5,3,4,4,4,3,3,2,3,1,3,3,3,1,1,1,1,1,0,0,0,0,0,0,1,1,0
21,1,1,3,1,3.5,5,3,3,5,5,5,5,3,1,5,4,5,1,1,0,0,1,0,1,0,0,0,0,1,1,0
17,0,3,2,1,5.5,2,4,3,5,5,5,3,2,1,5,4,5,1,1,1,0,1,0,0,0,0,1,0,0,1,0
26,1,1,3,1,4.5,4,4,2,4,3,4,3,3,2,4,3,4,0,1,0,0,0,0,0,0,0,0,0,1,1,0
18,0,3,2,1,3.5,4,5,4,5,5,4,4,3,3,5,3,5,1,1,1,0,1,1,1,0,1,1,0,0,1,0
18,1,3,2,1,3.5,2,1,1,3,3,2,1,3,1,2,2,2,1,1,1,0,1,0,0,0,0,0,1,0,1,0
18,1,1,2,1,3.5,5,3,4,3,4,4,1,3,1,3,5,5,1,1,0,1,1,1,1,1,0,1,0,0,1,0
23,0,3,3,1,3.5,3,4,2,4,5,4,2,3,2,4,3,3,1,1,1,0,1,0,1,0,0,0,0,1,1,0
20,0,3,3,1,1.5,4,5,3,5,2,5,1,2,3,3,2,1,1,1,1,0,1,0,1,0,0,0,0,1,1,0
23,0,3,3,1,5.5,4,4,3,4,5,4,4,3,2,3,3,5,1,1,1,0,1,0,1,0,0,0,0,1,1,0
25,0,1,3,1,0.5,2,2,3,2,3,3,3,4,3,2,2,4,1,1,1,1,1,0,0,1,1,0,0,1,1,0
26,0,3,1,1,2.5,4,3,3,3,5,4,4,1,4,5,5,4,1,1,0,1,1,0,0,0,0,0,0,0,1,0
20,0,1,3,1,5.5,4,5,3,4,5,4,5,2,4,4,4,5,1,1,1,0,1,1,1,0,1,0,1,1,1,0
19,0,1,2,1,1.5,4,3,1,3,4,2,2,3,3,1,4,3,1,1,1,1,1,0,1,1,0,1,0,0,1,0
17,1,3,2,1,2.5,4,1,3,2,5,4,5,5,1,4,4,1,1,1,0,0,1,0,0,1,0,0,0,1,1,0
24,1,2,3,1,3.5,4,3,5,3,3,5,4,2,3,3,3,3,1,1,0,0,1,0,1,0,0,0,0,1,1,0
29,1,2,1,1,5.5,5,5,5,4,5,4,3,3,4,4,4,3,1,1,0,0,1,0,0,1,0,1,0,0,0,0
30,1,2,0,1,3.5,1,5,1,2,3,3,2,4,3,3,3,2,1,1,0,0,1,0,0,0,0,0,0,1,1,0
21,1,3,3,1,3.5,4,5,4,4,5,5,5,1,3,5,4,4,1,1,1,0,1,1,1,0,1,0,0,1,1,0
23,0,3,3,1,5.5,4,3,2,4,4,4,3,3,3,5,5,5,1,1,1,1,1,0,1,1,0,0,0,1,1,0
21,0,3,3,1,5.5,5,5,2,3,4,3,4,4,4,5,3,5,1,1,1,1,1,0,1,1,0,0,0,1,1,0
20,1,3,3,1,5.5,3,5,3,5,5,5,5,5,5,5,5,5,1,1,1,0,1,0,0,0,0,0,0,1,1,0
21,0,3,3,1,4.5,4,3,2,5,5,4,5,1,3,5,5,5,1,1,1,1,1,0,1,0,1,0,0,1,1,0
22,1,3,3,1,4.5,3,1,2,3,4,2,2,1,1,4,3,5,1,0,0,0,0,0,0,0,0,0,0,1,1,0
22,1,3,3,1,2.5,3,2,2,2,5,3,5,2,5,3,3,5,0,1,0,0,1,0,0,0,0,0,0,1,1,0
22,1,1,3,1,5.5,1,5,2,3,5,2,1,2,2,3,3,4,0,1,0,0,1,0,1,0,0,0,0,1,1,0
27,1,1,1,1,4.5,4,3,3,4,3,3,4,2,4,2,1,2,1,1,0,1,1,1,0,0,0,0,0,0,1,0
21,0,3,3,1,5.5,5,4,2,2,2,3,2,3,1,2,2,5,1,1,0,0,1,0,0,0,0,0,0,1,1,0
23,0,1,3,1,4.5,4,3,2,4,4,3,4,4,4,4,3,4,1,1,1,1,1,1,1,0,0,0,0,1,1,0
22,0,1,3,1,3.5,4,4,5,4,2,4,3,3,4,2,3,4,1,1,1,0,1,0,0,0,0,0,0,1,1,0
21,1,1,3,1,3.5,3,4,4,3,3,3,2,5,3,1,3,2,1,0,0,0,0,0,0,0,0,1,1,1,1,0
23,0,3,3,1,2.5,4,2,1,2,3,2,3,3,1,3,2,2,1,1,1,1,0,0,0,0,0,0,1,0,1,0
21,1,3,3,1,5.5,4,5,3,4,4,4,3,3,4,4,4,3,1,1,0,0,1,0,0,1,1,0,0,1,1,0
20,0,3,3,1,4.5,5,3,2,3,4,2,2,4,3,3,4,3,1,1,0,0,1,0,0,0,0,1,1,1,1,0
23,0,3,3,1,1.5,2,1,1,2,5,3,3,4,1,3,2,4,1,1,1,1,1,0,0,1,0,0,0,1,1,0
22,1,1,3,1,3.5,3,5,3,5,5,5,5,3,3,5,4,5,1,1,0,0,1,1,1,1,0,0,0,1,1,0
20,1,1,3,1,5.5,5,3,4,3,5,5,5,1,4,5,5,3,1,1,0,0,1,0,1,0,0,0,0,1,1,0
21,0,3,3,1,3.5,4,4,4,4,4,5,4,1,4,4,4,5,1,1,1,0,1,0,1,0,0,0,0,1,1,0
25,1,3,3,1,2.5,3,5,2,2,3,3,1,3,1,2,4,5,1,1,0,0,1,0,0,1,1,0,0,1,1,0
21,1,3,3,1,3.5,2,2,1,4,4,4,2,1,1,2,2,2,0,1,1,0,1,0,0,0,0,0,0,1,1,0
28,1,3,3,1,4.5,4,3,1,4,5,4,1,3,1,4,1,5,1,1,1,1,1,0,0,0,0,0,0,1,1,0
22,1,3,1,1,3.5,1,1,1,5,3,5,1,1,1,3,4,3,1,1,1,1,1,1,1,1,0,0,0,0,1,0
60,0,3,0,1,2.5,1,2,1,1,1,1,3,3,3,1,1,1,1,1,0,0,0,0,0,0,0,0,0,1,1,0
49,0,2,1,1,0.5,3,4,3,3,4,3,3,3,3,3,2,2,1,1,0,0,0,0,0,1,0,1,0,0,1,0
34,1,2,1,1,0.5,2,1,1,1,1,1,3,4,1,1,2,1,1,1,0,0,1,0,0,0,0,0,0,0,1,0
56,0,2,1,1,2.5,1,1,1,1,1,1,1,1,1,1,1,2,1,1,0,0,0,0,0,1,1,1,0,0,0,0
51,0,2,1,1,1.5,3,2,3,4,2,3,4,3,3,2,2,4,1,1,0,0,1,0,0,0,1,0,0,0,1,0
23,1,3,2,1,2.5,3,3,3,3,3,2,2,3,3,4,2,2,0,1,0,0,0,0,0,0,0,0,0,1,1,0
21,1,3,3,1,4.5,3,5,3,3,3,2,3,3,1,2,2,3,1,1,1,0,0,0,0,0,0,0,0,1,1,0
50,0,2,3,1,1.5,1,1,1,1,1,1,1,1,1,1,1,1,0,1,0,0,1,0,0,0,0,0,0,0,1,0
22,1,3,3,1,3.5,2,2,1,4,5,5,1,4,1,3,5,2,1,0,0,0,1,0,0,0,1,0,0,1,1,0
28,1,2,1,1,2.5,5,4,1,5,4,5,2,2,2,5,5,2,1,1,0,0,1,0,0,1,0,0,0,0,1,0
13,0,3,2,1,4.5,3,4,1,3,3,1,1,3,1,3,3,4,1,0,1,0,1,0,0,0,0,1,0,0,1,0
14,0,3,2,1,2.5,3,4,2,4,3,2,1,3,1,2,3,1,0,0,1,0,1,0,0,0,0,1,0,0,1,0
13,0,3,2,1,5.5,4,4,3,4,2,4,2,3,2,2,3,2,1,0,1,0,1,0,0,1,1,1,0,0,1,0
23,0,1,2,1,4.5,2,4,2,3,4,4,1,3,1,3,2,3,1,1,1,0,1,0,0,0,0,1,1,1,1,0
18,0,3,3,1,1.5,3,3,1,3,2,1,1,2,1,1,2,4,0,0,1,1,0,0,0,0,0,0,0,1,1,0
18,0,3,2,1,5.5,2,3,1,3,5,3,5,1,2,5,2,1,0,0,0,0,0,0,0,1,0,0,1,0,1,0
15,0,3,2,1,4.5,1,1,1,3,3,3,3,3,3,1,1,1,1,0,1,1,1,0,0,0,0,1,0,0,1,0
20,1,3,3,1,1.5,2,2,1,3,5,3,5,1,2,5,4,5,1,0,1,1,1,1,1,1,0,1,0,0,0,0
20,1,3,3,1,5.5,5,4,2,4,5,3,1,3,2,4,3,4,1,1,0,0,1,0,0,0,0,0,0,1,1,0
35,1,2,1,1,1.5,3,2,2,3,3,2,1,2,2,2,4,4,1,1,0,0,1,0,0,0,0,1,0,0,0,0
26,1,2,3,1,2.5,4,4,3,3,4,4,4,5,3,4,3,4,1,1,0,0,0,1,0,0,0,0,0,1,1,0
30,1,2,1,1,4.5,2,4,4,3,4,5,4,2,2,4,2,1,1,1,0,0,1,0,0,0,0,0,0,1,1,0
32,1,2,1,1,3.5,5,5,3,5,5,5,5,1,4,5,5,4,0,1,0,0,1,0,0,0,0,0,0,0,1,0
24,0,3,1,1,2.5,3,4,3,4,3,4,4,2,4,3,4,4,1,1,0,0,1,0,0,0,0,1,1,1,1,0
26,1,2,1,1,1.5,2,1,2,3,4,4,4,2,4,4,4,1,1,1,0,0,0,0,0,0,0,0,0,1,1,0
29,1,2,1,1,2.5,3,3,4,3,2,3,3,3,4,2,2,2,1,1,0,0,0,0,0,0,0,0,0,1,1,0
21,0,3,3,1,2.5,2,3,2,3,3,2,2,3,4,4,5,4,1,1,1,0,1,0,0,1,1,0,0,1,1,0
53,0,2,1,1,0.5,2,3,1,3,1,1,3,3,2,2,2,3,1,1,0,0,0,0,0,0,0,0,0,0,1,0
